user_id,name,password
8381250,tucker,klZb\i
5725715,mooney,dffe\p
3502421,justice,aljk`Z\
9967916,parrish,gXii`j_
3742935,king,b`e^
4209023,burns,Yliej
3548145,glover,^cfm\i
6652535,wilder,n`c[\i
2625366,sykes,jpb\j
6673247,martin,dXik`e
9511968,meadows,d\X[fnj
6601830,lamb,cXdY
9557773,house,_flj\
4417808,newman,e\ndXe
6798763,frost,]ifjk
3207107,lindsay,c`e[jXp
9686585,espinoza,\jg`efqX
7609490,moon,dffe
4016276,donovan,[fefmXe
2737300,cherry,Z_\iip
3798505,roberts,ifY\ikj
4496404,allison,Xcc`jfe
4241415,haynes,_Xpe\j
6800120,battle,YXkkc\
3283221,nunez,ele\q
7718270,edwards,\[nXi[j
6671252,gregory,^i\^fip
2873825,emerson,\d\ijfe
5674642,alston,Xcjkfe
4023858,swanson,jnXejfe
9453179,day,[Xp
7545301,casey,ZXj\p
8345995,keller,b\cc\i
1003774,mathis,dXk_`j
5071282,ramos,iXdfj
6566769,fisher,]`j_\i
1551530,castaneda,ZXjkXe\[X
7885872,dorsey,[fij\p
4870932,kent,b\ek
7802113,webb,n\YY
2410635,franks,]iXebj
8346151,bean,Y\Xe
1706918,kirk,b`ib
3513216,bates,YXk\j
5926424,bolton,Yfckfe
2931003,rowland,ifncXe[
5214535,anthony,Xek_fep
5082097,stephenson,jk\g_\ejfe
5686403,buchanan,YlZ_XeXe
7453515,chang,Z_Xe^
8811079,walls,nXccj
8284192,sparks,jgXibj
8578185,williamson,n`cc`Xdjfe
2233018,garza,^XiqX
8492327,cooley,Zffc\p
8988525,bernard,Y\ieXi[
3092266,vang,mXe^
1143741,phelps,g_\cgj
1524372,tyler,kpc\i
2041261,frazier,]iXq`\i
2751497,callahan,ZXccX_Xe
6478736,moreno,dfi\ef
1758723,hess,_\jj
4627707,marks,dXibj
4819392,banks,YXebj
3965992,dodson,[f[jfe
1054483,hester,_\jk\i
6053774,cotton,Zfkkfe
8332587,dennis,[\ee`j
4315670,burke,Ylib\
6441537,downs,[fnej
6448848,cameron,ZXd\ife
1676427,reese,i\\j\
5093978,fields,]`\c[j
5108362,franco,]iXeZf
8112687,sandoval,jXe[fmXc
2126069,dickerson,[`Zb\ijfe
5085484,talley,kXcc\p
6411806,bailey,YX`c\p
1285001,jones,afe\j
7667443,conrad,ZfeiX[
9444316,whitfield,n_`k]`\c[
5011517,holder,_fc[\i
2679321,mayer,dXp\i
2026543,sanford,jXe]fi[
9240600,jordan,afi[Xe
5138753,calderon,ZXc[\ife
3727540,sims,j`dj
5573570,strong,jkife^
1559044,pollard,gfccXi[
7467529,shepherd,j_\g_\i[
2930133,pierce,g`\iZ\
2676975,burks,Ylibj
2526687,willis,n`cc`j
3756575,graves,^iXm\j
3414328,daniel,[Xe`\c
7787495,sharp,j_Xig
6602167,david,[Xm`[
7944853,mccormick,dZZfid`Zb
8525639,morse,dfij\
3249730,christensen,Z_i`jk\ej\e
4762406,langley,cXe^c\p
4789049,miles,d`c\j
1148403,prince,gi`eZ\
7839586,wells,n\ccj
6359308,ramirez,iXd`i\q
5593482,levy,c\mp
4475710,carroll,ZXiifcc
8819590,clay,ZcXp
3827486,nolan,efcXe
7644360,morin,dfi`e
3201383,chapman,Z_XgdXe
5799089,vaughan,mXl^_Xe
5400964,carver,ZXim\i
6381593,acevedo,XZ\m\[f
4000537,weiss,n\`jj
5695994,robles,ifYc\j
9106858,heath,_\Xk_
4256975,valentine,mXc\ek`e\
3072812,cochran,ZfZ_iXe
5199786,conner,Zfee\i
1544385,guzman,^lqdXe
2972668,lowery,cfn\ip
7166267,rivas,i`mXj
3844026,joyce,afpZ\
1997243,silva,j`cmX
4730288,combs,ZfdYj
1412135,mcknight,dZbe`^_k
3809520,clark,ZcXib
9811855,pittman,g`kkdXe
5721739,jimenez,a`d\e\q
3134842,mccoy,dZZfp
5963640,gaines,^X`e\j
2067902,cannon,ZXeefe
4357170,lucas,clZXj
6054401,benton,Y\ekfe
7558324,riddle,i`[[c\
8794147,wallace,nXccXZ\
6649632,johns,af_ej
9696745,ramsey,iXdj\p
3862536,mays,dXpj
8863912,franklin,]iXebc`e
7713600,garrison,^Xii`jfe
7100792,boyer,Yfp\i
3229973,mckenzie,dZb\eq`\
7813744,mcmahon,dZdX_fe
7110950,rosario,ifjXi`f
3500695,morrison,dfii`jfe
3341061,petty,g\kkp
4867485,jefferson,a\]]\ijfe
8448978,elliott,\cc`fkk
4086667,meyers,d\p\ij
3228798,tyson,kpjfe
9083238,kirby,b`iYp
1553705,carney,ZXie\p
9785926,jenkins,a\eb`ej
3370819,mcgowan,dZ^fnXe
7912189,coleman,Zfc\dXe
9353316,dixon,[`ofe
5459523,mann,dXee
7426080,shaw,j_Xn
1597950,branch,YiXeZ_
1584377,william,n`cc`Xd
3206447,leonard,c\feXi[
3458416,hoffman,_f]]dXe
4453431,johnson,af_ejfe
3293921,mcpherson,dZg_\ijfe
6872395,hicks,_`Zbj
6950108,hunt,_lek
6852229,abbott,XYYfkk
1860620,rodriguez,if[i`^l\q
3738526,kelley,b\cc\p
4024844,curtis,Zlik`j
5192867,knight,be`^_k
3339938,bryan,YipXe
4796624,jennings,a\ee`e^j
6050894,pruitt,gil`kk
3808141,merrill,d\ii`cc
4245465,nash,eXj_
3702269,brennan,Yi\eeXe
6861566,ratliff,iXkc`]]
2522837,camacho,ZXdXZ_f
5773433,hampton,_Xdgkfe
4036456,reed,i\\[
2005080,hunter,_lek\i
4269308,duran,[liXe
7856853,romero,ifd\if
2849836,salazar,jXcXqXi
8593862,cline,Zc`e\
6587060,nielsen,e`\cj\e
4974722,valenzuela,mXc\eql\cX
7112551,wheeler,n_\\c\i
7572796,reynolds,i\pefc[j
6542810,sargent,jXi^\ek
3170524,palmer,gXcd\i
9798819,huff,_l]]
5789514,quinn,hl`ee
3118635,dawson,[Xnjfe
3139464,washington,nXj_`e^kfe
4032808,horne,_fie\
7488913,stokes,jkfb\j
3083553,booth,Yffk_
5360139,holloway,_fccfnXp
1726018,crawford,ZiXn]fi[
7738909,black,YcXZb
1962628,flowers,]cfn\ij
9274702,murphy,dlig_p
9129092,welch,n\cZ_
4689754,baxter,YXok\i
4585046,fowler,]fnc\i
5221131,hurst,_lijk
7631650,johnston,af_ejkfe
2579488,pate,gXk\
2020697,vazquez,mXqhl\q
2232967,poole,gffc\
5948800,sharpe,j_Xig\
2952837,shelton,j_\ckfe
7232885,higgins,_`^^`ej
3542076,spence,jg\eZ\
9790770,boone,Yffe\
8923458,bouvet,Yflm\k
5424310,alford,Xc]fi[
4892978,odom,f[fd
4374532,weber,n\Y\i
4392380,atkins,Xkb`ej
2638134,parks,gXibj
3697154,dickson,[`Zbjfe
4950113,guthrie,^lk_i`\
3002825,burch,YliZ_
3005077,hayden,_Xp[\e
8795610,wooten,nffk\e
5610915,howe,_fn\
4929941,luna,cleX
2725861,white,n_`k\
1831815,simpson,j`dgjfe
7586196,beasley,Y\Xjc\p
8541971,mendez,d\e[\q
5644116,delgado,[\c^X[f
9879828,delaney,[\cXe\p
1373589,petersen,g\k\ij\e
2433405,sloan,jcfXe
9823133,atkinson,Xkb`ejfe
3916486,chase,Z_Xj\
7128895,koch,bfZ_
3021825,cooke,Zffb\
8821674,brewer,Yi\n\i
8805843,mercado,d\iZX[f
7363173,monroe,dfeif\
8219309,mitchell,d`kZ_\cc
7874148,livingston,c`m`e^jkfe
1380716,moss,dfjj
5817631,lee,c\\
2410969,noble,efYc\
6151038,berry,Y\iip
5132410,pratt,giXkk
4952968,schneider,jZ_e\`[\i
3423635,vargas,mXi^Xj
2117804,fuller,]lcc\i
5437300,velez,m\c\q
6058708,bruce,YilZ\
7954267,rutledge,ilkc\[^\
6562061,gibson,^`Yjfe
9812133,barton,YXikfe
2000170,harrison,_Xii`jfe
6343293,baird,YX`i[
4269144,chaney,Z_Xe\p
1566314,hart,_Xik
6730345,knowles,befnc\j
3454909,bowers,Yfn\ij
7761083,hickman,_`ZbdXe
2950421,andrews,Xe[i\nj
6152091,ashley,Xj_c\p
9417643,gamble,^XdYc\
8282169,potter,gfkk\i
6913075,herrera,_\ii\iX
6130974,wise,n`j\
1816462,harper,_Xig\i
6018760,kidd,b`[[
2090294,moody,dff[p
2871902,bright,Yi`^_k
1794093,wilkins,n`cb`ej
1939768,larson,cXijfe
9941450,pearson,g\Xijfe
4491610,buckner,YlZbe\i
1810976,fry,]ip
6416615,griffith,^i`]]`k_
1713118,ballard,YXccXi[
7816715,summers,jldd\ij
2928476,giles,^`c\j
1753253,wilkinson,n`cb`ejfe
9592729,berger,Y\i^\i
1846994,santos,jXekfj
8011869,gutierrez,^lk`\ii\q
1541533,burton,Ylikfe
4570101,newton,e\nkfe
9533229,walter,nXck\i
3532736,mcleod,dZc\f[
5748986,snow,jefn
8844556,flynn,]cpee
6984089,craig,ZiX`^
4957650,decker,[\Zb\i
7841135,cox,Zfo
1963935,mills,d`ccj
5829249,saunders,jXle[\ij
2831199,winters,n`ek\ij
1974056,schmidt,jZ_d`[k
3105200,gould,^flc[
7511524,bentley,Y\ekc\p
7633032,gillespie,^`cc\jg`\
6371516,wagner,nX^e\i
9699429,ryan,ipXe
3312942,torres,kfii\j
2944906,moran,dfiXe
1863120,vasquez,mXjhl\q
9980845,gilliam,^`cc`Xd
4639882,carey,ZXi\p
8230247,kaufman,bXl]dXe
1614960,carrillo,ZXii`ccf
1157520,mcfarland,dZ]XicXe[
7241330,shields,j_`\c[j
9014561,maldonado,dXc[feX[f
7653172,mckinney,dZb`ee\p
4903407,turner,klie\i
1687675,roth,ifk_
8385863,vinson,m`ejfe
1350232,bond,Yfe[
7930403,lester,c\jk\i
9252344,phillips,g_`cc`gj
8608367,oconnor,fZfeefi
7416308,snyder,jep[\i
5156930,foster,]fjk\i
5190138,ford,]fi[
5668255,carlson,ZXicjfe
7037894,chan,Z_Xe
7627447,drake,[iXb\
3796941,cook,Zffb
3569406,owens,fn\ej
4583895,patton,gXkkfe
4625026,bradley,YiX[c\p
7153523,dejesus,[\a\jlj
9859761,glass,^cXjj
6528397,rodriquez,if[i`hl\q
7769535,norton,efikfe
1828791,payne,gXpe\
5013601,rojas,ifaXj
1972239,hendricks,_\e[i`Zbj
3526708,ruiz,il`q
4811423,kim,b`d
1818406,suarez,jlXi\q
7543831,kelly,b\ccp
7827841,webster,n\Yjk\i
6661306,underwood,le[\inff[
9258347,wall,nXcc
6014502,george,^\fi^\
4261040,weaver,n\Xm\i
1775663,mccarty,dZZXikp
1571030,adkins,X[b`ej
2253169,dean,[\Xe
7997962,bryant,YipXek
2280643,russell,iljj\cc
8900257,martinez,dXik`e\q
8995275,joseph,afj\g_
7026578,compton,Zfdgkfe
7141202,pickett,g`Zb\kk
1483034,barker,YXib\i
6731903,harmon,_Xidfe
6102770,campos,ZXdgfj
9800689,marshall,dXij_Xcc
6296242,floyd,]cfp[
9321971,cervantes,Z\imXek\j
1680453,ferrell,]\ii\cc
1439575,macias,dXZ`Xj
3291505,davenport,[Xm\egfik
5150455,greer,^i\\i
4824720,moore,dffi\
1350192,ross,ifjj
2386494,cunningham,Zlee`e^_Xd
4390857,snider,je`[\i
7271565,pugh,gl^_
5485170,finch,]`eZ_
5076302,rocha,ifZ_X
2966621,sanchez,jXeZ_\q
1272742,kirkland,b`ibcXe[
8472469,preston,gi\jkfe
3506895,nicholson,e`Z_fcjfe
4395247,warren,nXii\e
8752242,daugherty,[Xl^_\ikp
4033171,brown,Yifne
8174058,henry,_\eip
1356079,meyer,d\p\i
9934952,case,ZXj\
3694033,kennedy,b\ee\[p
3423811,nieves,e`\m\j
6627634,cooper,Zffg\i
9563509,oliver,fc`m\i
5844378,wilson,n`cjfe
4226347,davidson,[Xm`[jfe
5081602,burgess,Yli^\jj
7781355,alexander,Xc\oXe[\i
1873070,barrera,YXii\iX
5363848,blake,YcXb\
5246878,gay,^Xp
4243869,kline,bc`e\
1640456,bartlett,YXikc\kk
6003383,bowen,Yfn\e
6734351,nichols,e`Z_fcj
9748728,myles,dpc\j
8577571,reid,i\`[
5471901,schwartz,jZ_nXikq
3176982,malone,dXcfe\
1892274,erickson,\i`Zbjfe
9845380,hamilton,_Xd`ckfe
4652097,miller,d`cc\i
3382924,mosley,dfjc\p
9780962,powers,gfn\ij
1361310,patel,gXk\c
5933432,fernandez,]\ieXe[\q
2167001,salinas,jXc`eXj
5488020,sexton,j\okfe
7438899,cross,Zifjj
8581450,randolph,iXe[fcg_
8076684,boyd,Yfp[
2555143,taylor,kXpcfi
2349428,ferguson,]\i^ljfe
4943437,blackburn,YcXZbYlie
8709443,yang,pXe^
6310895,williams,n`cc`Xdj
4793396,aguirre,X^l`ii\
4042636,beard,Y\Xi[
7631730,lane,cXe\
1922046,calhoun,ZXc_fle
6676269,thomas,k_fdXj
8581399,robertson,ifY\ikjfe
3489286,coffey,Zf]]\p
9310882,clemons,Zc\dfej
5541451,spencer,jg\eZ\i
4873831,osborn,fjYfie
3162856,moses,dfj\j
3133983,lewis,c\n`j
8944873,sampson,jXdgjfe
8965054,raymond,iXpdfe[
4764343,sosa,jfjX
2792688,terry,k\iip
8424164,morton,dfikfe
9531523,gray,^iXp
4240990,cantu,ZXekl
1295481,conley,Zfec\p
1896790,macdonald,dXZ[feXc[
1275052,stephens,jk\g_\ej
5846351,roman,ifdXe
9039340,blair,YcX`i
3309825,garrett,^Xii\kk
3810392,barry,YXiip
2645791,hansen,_Xej\e
8109763,warner,nXie\i
9443912,goff,^f]]
8707158,berg,Y\i^
5453921,mccarthy,dZZXik_p
6596374,dillard,[`ccXi[
8280409,norris,efii`j
2025829,burnett,Ylie\kk
5278654,barlow,YXicfn
5659274,hancock,_XeZfZb
7809894,solomon,jfcfdfe
9381465,figueroa,]`^l\ifX
4696807,woodward,nff[nXi[
5952552,jacobs,aXZfYj
6297560,hurley,_lic\p
2838153,ayers,Xp\ij
1544393,church,Z_liZ_
8427027,anderson,Xe[\ijfe
3465407,hodges,_f[^\j
6246394,english,\e^c`j_
9987701,hatfield,_Xk]`\c[
3199513,skinner,jb`ee\i
3808118,green,^i\\e
7833978,barnes,YXie\j
6745392,may,dXp
9074350,gallagher,^XccX^_\i
5459964,hebert,_\Y\ik
1719917,byers,Yp\ij
5174554,norman,efidXe
4860249,jackson,aXZbjfe
5152063,deleon,[\c\fe
1602976,mcmillan,dZd`ccXe
6669572,garner,^Xie\i
7900250,reyes,i\p\j
6407279,le,c\
6425391,mcdaniel,dZ[Xe`\c
4636871,whitaker,n_`kXb\i
8445689,guerrero,^l\ii\if
2552311,rosa,ifjX
5741491,wright,ni`^_k
9883160,freeman,]i\\dXe
2373092,burris,Ylii`j
5018332,gallegos,^Xcc\^fj
1130438,zimmerman,q`dd\idXe
1190678,perez,g\i\q
8083220,schultz,jZ_lckq
4658894,vincent,m`eZ\ek
4697060,best,Y\jk
9206698,estrada,\jkiX[X
4189878,roberson,ifY\ijfe
7063086,hobbs,_fYYj
5839091,villarreal,m`ccXii\Xc
2661599,herring,_\ii`e^
8292349,tserge,kj\i^\
3037817,mendoza,d\e[fqX
2828852,mccall,dZZXcc
4331203,wiley,n`c\p
4948862,richards,i`Z_Xi[j
1177868,hopkins,_fgb`ej
3999961,holland,_fccXe[
7956025,mcdonald,dZ[feXc[
3310496,mcfadden,dZ]X[[\e
3582411,cobb,ZfYY
8108763,richardson,i`Z_Xi[jfe
6896690,allen,Xcc\e
2157075,cleveland,Zc\m\cXe[
5340052,douglas,[fl^cXj
9040173,james,aXd\j
5460050,mcgee,dZ^\\
5844872,huber,_lY\i
1309541,vaughn,mXl^_e
2207612,diaz,[`Xq
1087108,lindsey,c`e[j\p
7265554,mcconnell,dZZfee\cc
3594945,arnold,Xiefc[
9471753,burt,Ylik
5400487,salas,jXcXj
7024545,mclean,dZc\Xe
8179866,harding,_Xi[`e^
5892389,barber,YXiY\i
3356917,forbes,]fiY\j
8373129,sherman,j_\idXe
4019134,aguilar,X^l`cXi
9723580,gentry,^\ekip
2322604,townsend,kfnej\e[
3403271,terrell,k\ii\cc
6499026,tate,kXk\
4497428,molina,dfc`eX
1452409,henderson,_\e[\ijfe
8999144,obrien,fYi`\e
7075247,porter,gfik\i
9222190,massey,dXjj\p
2803369,shannon,j_Xeefe
8803286,hays,_Xpj
9543927,holmes,_fcd\j
5358748,rivera,i`m\iX
1774643,walker,nXcb\i
8839384,harrell,_Xii\cc
2300756,browning,Yifne`e^
1129644,stafford,jkX]]fi[
1789891,potts,gfkkj
6092074,chavez,Z_Xm\q
9833108,keith,b\`k_
7461157,stanton,jkXekfe
2531114,clarke,ZcXib\
1625520,mccullough,dZZlccfl^_
7077087,singleton,j`e^c\kfe
6254487,randall,iXe[Xcc
2357597,baker,YXb\i
8371691,francis,]iXeZ`j
2103365,chandler,Z_Xe[c\i
4659030,christian,Z_i`jk`Xe
3122510,boyle,Yfpc\
8955727,lyons,cpfej
9699788,mcbride,dZYi`[\
6076240,wiggins,n`^^`ej
4279241,hubbard,_lYYXi[
5996581,humphrey,_ldg_i\p
6244875,soto,jfkf
2008596,howell,_fn\cc
3070606,kane,bXe\
4163575,middleton,d`[[c\kfe
6145849,horn,_fie
2952666,medina,d\[`eX
7225867,blankenship,YcXeb\ej_`g
1338115,zamora,qXdfiX
2137741,dalton,[Xckfe
3121220,buckley,YlZbc\p
8868398,roach,ifXZ_
1430747,travis,kiXm`j
9431953,finley,]`ec\p
7637441,hawkins,_Xnb`ej
3530906,lott,cfkk
7072798,austin,Xljk`e
8029459,jarvis,aXim`j
2778616,beck,Y\Zb
5333317,doyle,[fpc\
5957382,gonzalez,^feqXc\q
2826326,santiago,jXek`X^f
2193085,flores,]cfi\j
4472983,stone,jkfe\
9567780,leon,c\fe
1954091,cummings,Zldd`e^j
4565862,buck,YlZb
3772369,levine,c\m`e\
2628487,weeks,n\\bj
2971013,knox,befo
6053140,russo,iljjf
5092938,rowe,ifn\
9508547,mcintosh,dZ`ekfj_
2583110,dunlap,[lecXg
4901548,sheppard,j_\ggXi[
1890485,bradshaw,YiX[j_Xn
8456474,jensen,a\ej\e
9312686,key,b\p
4090325,pacheco,gXZ_\Zf
4919639,blanchard,YcXeZ_Xi[
9562530,stein,jk\`e
8058447,bradford,YiX[]fi[
7700416,paul,gXlc
8088417,byrd,Ypi[
2948722,velasquez,m\cXjhl\q
5409089,montoya,dfekfpX
9173981,lewis,c\n`j
7112321,mayo,dXpf
4713382,manning,dXee`e^
2852577,nguyen,e^lp\e
1896931,ellison,\cc`jfe
6988363,bird,Y`i[
6865683,lambert,cXdY\ik
4889574,marsh,dXij_
2024297,walton,nXckfe
6901305,eaton,\Xkfe
7283200,guerra,^l\iiX
8695082,gardner,^Xi[e\i
5912863,harris,_Xii`j
2262984,dominguez,[fd`e^l\q
7673890,barron,YXiife
1108630,cabrera,ZXYi\iX
3269421,lawrence,cXni\eZ\
5706683,waters,nXk\ij
8645421,clayton,ZcXpkfe
8667713,faulkner,]Xlcbe\i
8696525,nixon,e`ofe
8233067,santana,jXekXeX
9101614,stevenson,jk\m\ejfe
7734169,rice,i`Z\
9320119,fletcher,]c\kZ_\i
9088272,hernandez,_\ieXe[\q
8581040,lancaster,cXeZXjk\i
1086204,brady,YiX[p
9102269,sweet,jn\\k
1629139,kemp,b\dg
6306474,crosby,ZifjYp
4248430,hall,_Xcc
5303675,kramer,biXd\i
2020131,love,cfm\
5923603,bass,YXjj
6282485,hinton,_`ekfe
9465145,mullen,dlcc\e
5409383,simmons,j`ddfej
2260676,mcclure,dZZcli\
9844270,mathews,dXk_\nj
8235473,mercer,d\iZ\i
5091148,head,_\X[
2454748,smith,jd`k_
8715139,farmer,]Xid\i
5823222,grimes,^i`d\j
2694813,tran,kiXe
2058914,hines,_`e\j
7742148,slater,jcXk\i
6941910,fitzgerald,]`kq^\iXc[
8880810,howard,_fnXi[
6607324,goodwin,^ff[n`e
7177537,lynch,cpeZ_
9870216,lopez,cfg\q
8034725,patrick,gXki`Zb
4894847,michael,d`Z_X\c
7187152,mack,dXZb
1039442,wong,nfe^
7613835,logan,cf^Xe
4676557,hammond,_Xddfe[
9002345,albert,XcY\ik
5342722,olsen,fcj\e
8796731,stewart,jk\nXik
9090338,schroeder,jZ_if\[\i
3290061,hayes,_Xp\j
5181304,perkins,g\ib`ej
1034536,park,gXib
1280124,castillo,ZXjk`ccf
4266355,hewitt,_\n`kk
7813575,rich,i`Z_
4263742,witt,n`kk
6511888,young,pfle^
7247332,haney,_Xe\p
8680899,beach,Y\XZ_
1376003,joyner,afpe\i
5652978,dotson,[fkjfe
4341540,cruz,Zilq
6343233,mcclain,dZZcX`e
9212302,sweeney,jn\\e\p
6415509,barrett,YXii\kk
3878030,tanner,kXee\i
9733524,carr,ZXii
9594235,avila,Xm`cX
1445048,fleming,]c\d`e^
5048477,england,\e^cXe[
7764849,pope,gfg\
1819076,vega,m\^X
1987805,lloyd,ccfp[
5835070,britt,Yi`kk
3660032,ochoa,fZ_fX
6533099,orr,fii
2452831,noel,ef\c
6137174,riggs,i`^^j
8375318,carter,ZXik\i
4888116,gonzales,^feqXc\j
4393012,gilmore,^`cdfi\
8272320,jacobson,aXZfYjfe
9000408,golden,^fc[\e
4248472,powell,gfn\cc
6607173,bray,YiXp
2351823,ware,nXi\
6889605,walters,nXck\ij
7795105,castro,ZXjkif
8485290,woods,nff[j
2482717,woodard,nff[Xi[
8543491,baldwin,YXc[n`e
5049905,richmond,i`Z_dfe[
3829148,shaffer,j_X]]\i
1997975,stuart,jklXik
3767855,todd,kf[[
5045926,bauer,YXl\i
5383558,peters,g\k\ij
6295792,hood,_ff[
3011339,houston,_fljkfe
8553091,savage,jXmX^\
8972348,lorrcan,cfiiZXe
3670545,hensley,_\ejc\p
3789527,dyer,[p\i
6159584,frye,]ip\
3276526,oneil,fe\`c
7908801,cote,Zfk\
7952750,holt,_fck
1555981,sears,j\Xij
5913105,york,pfib
1450840,serrano,j\iiXef
1230264,ward,nXi[
5260843,carpenter,ZXig\ek\i
8640831,larsen,cXij\e
4779992,leach,c\XZ_
2770884,donaldson,[feXc[jfe
9334070,hill,_`cc
2983457,spears,jg\Xij
7307616,small,jdXcc
7920069,strickland,jki`ZbcXe[
2092956,huffman,_l]]dXe
6456713,rose,ifj\
4659487,wolf,nfc]
3289951,hull,_lcc
8507644,benson,Y\ejfe
9716638,bishop,Y`j_fg
8519454,becker,Y\Zb\i
8358478,mcintyre,dZ`ekpi\
4780163,bonner,Yfee\i
9567397,adams,X[Xdj
9814367,kinney,b`ee\p
7961710,carson,ZXijfe
1118115,osborne,fjYfie\
6844136,stout,jkflk
8377151,pena,g\eX
9254048,holcomb,_fcZfdY
7873819,horton,_fikfe
8273601,gross,^ifjj
6021516,estes,\jk\j
2925212,cash,ZXj_
7362847,griffin,^i`]]`e
2525776,cohen,Zf_\e
3592185,fischer,]`jZ_\i
5833335,oneal,fe\Xc
9462437,bridges,Yi`[^\j
3367665,juarez,alXi\q
3588833,holden,_fc[\e
1590236,maxwell,dXon\cc
7204241,chambers,Z_XdY\ij
3334908,davis,[Xm`j
2850767,durham,[li_Xd
9066550,valencia,mXc\eZ`X
6618492,booker,Yffb\i
3778814,charles,Z_Xic\j
5342271,mclaughlin,dZcXl^_c`e
7592495,evans,\mXej
4452158,french,]i\eZ_
1559670,rogers,if^\ij
4229493,klein,bc\`e
2410130,hooper,_ffg\i
8962252,miranda,d`iXe[X
3515590,oneill,fe\`cc
2205262,herman,_\idXe
3737544,hardy,_Xi[p
4387552,bullock,YlccfZb
9535946,waller,nXcc\i
1481870,peterson,g\k\ijfe
6020226,pennington,g\ee`e^kfe
8401244,caldwell,ZXc[n\cc
2569197,harrington,_Xii`e^kfe
7295192,valdez,mXc[\q
3245615,farrell,]Xii\cc
8136818,acosta,XZfjkX
6013686,rodgers,if[^\ij
6671583,curry,Zliip
8136134,watts,nXkkj
3281715,page,gX^\
3352668,dudley,[l[c\p
1275132,wynn,npee
6450488,solis,jfc`j
9309785,watson,nXkjfe
7697293,hale,_Xc\
6559358,dillon,[`ccfe
6390810,campbell,ZXdgY\cc
4962204,robinson,ifY`ejfe
7276415,clements,Zc\d\ekj
6865563,sutton,jlkkfe
6504865,lara,cXiX
1607582,frank,]iXeb
3819015,patterson,gXkk\ijfe
6077311,whitley,n_`kc\p
3092622,duke,[lb\
7203702,olson,fcjfe
1388549,lang,cXe^
9435091,thornton,k_fiekfe
9004925,yates,pXk\j
1371561,dunn,[lee
5449097,puckett,glZb\kk
6540143,hyde,_p[\
6807052,holman,_fcdXe
8897656,morgan,dfi^Xe
9507080,stark,jkXib
5368382,mejia,d\a`X
2728665,lawson,cXnjfe
3582444,greene,^i\\e\
2941817,gomez,^fd\q
1533911,melton,d\ckfe
2664786,hendrix,_\e[i`o
6950013,mcguire,dZ^l`i\
1781919,bowman,YfndXe
9809831,chen,Z_\e
4067132,gates,^Xk\j
7469654,wyatt,npXkk
4732291,morris,dfii`j
3904802,peck,g\Zb
5688682,cortez,Zfik\q
5707958,perry,g\iip
2308793,whitney,n_`ke\p
8085790,armstrong,Xidjkife^
5314703,munoz,dlefq
4252543,hahn,_X_e
